driver_id,speed_kmh_mean,speed_kmh_std,speed_kmh_max,hard_brake_sum,harsh_accel_sum,is_night_mean,timestamp_<lambda>,trips_per_day_est,hard_brake_rate,harsh_accel_rate
driver_0000,12.044955116696588,10.120804581269006,39.74,0,0,0.36624775583482944,1426.5316666666668,1.9508196721311475,0.0,0.0
driver_0001,12.199472876151484,10.184137816253848,45.14,0,0,0.387410440122825,1419.5191666666667,1.9836065573770492,0.0,0.0
driver_0002,12.852447968285432,9.82185322871017,39.8,0,0,0.3736372646184341,1418.5022222222221,2.0655737704918034,0.0,0.0
driver_0003,11.894314159292035,10.08081519808108,42.53,0,0,0.4170353982300885,1432.3419444444444,1.901639344262295,0.0,0.0
driver_0004,13.421077154308618,10.51409088127492,46.12,0,0,0.32615230460921846,1420.3755555555556,2.0327868852459017,0.0,0.0
driver_0005,14.540196961170512,11.025205387942647,49.48,0,0,0.3308947664603264,1411.983888888889,1.8360655737704918,0.0,0.0
driver_0006,14.082561183836084,10.250556395662455,39.24,0,1,0.33636881047239614,1388.6280555555556,1.9672131147540983,0.0,0.0007201352413983346
driver_0007,12.836781376518218,11.202144435969903,51.89,1,0,0.3117408906882591,1419.4891666666667,1.7868852459016393,0.0007044787825667332,0.0
driver_0008,13.210005807200929,10.202307138441283,44.37,0,0,0.367595818815331,1389.8075,2.0163934426229506,0.0,0.0
driver_0009,12.448727008712488,11.192017618763302,59.97,0,0,0.35188770571151984,1412.3647222222223,2.081967213114754,0.0,0.0
driver_0010,13.160026624068157,10.317936286686706,42.98,0,0,0.305111821086262,1424.8830555555555,1.9344262295081966,0.0,0.0
driver_0011,11.909213051823416,9.68924561017382,40.09,0,0,0.3058221369161868,1418.9516666666666,1.7049180327868851,0.0,0.0
driver_0012,12.45568697729988,10.089592409558458,45.62,1,0,0.3536439665471924,1408.5397222222223,1.8688524590163935,0.0007099551288637582,0.0
driver_0013,13.58419624217119,10.291496580194906,41.35,0,0,0.3444676409185804,1428.2316666666666,1.901639344262295,0.0,0.0
driver_0014,11.507614525139665,8.88855295132377,37.76,0,0,0.3525139664804469,1411.1102777777778,2.0163934426229506,0.0,0.0
driver_0015,14.889758015728978,10.620206587253184,50.09,0,0,0.40411373260738054,1426.4480555555556,1.9836065573770492,0.0,0.0
driver_0016,12.315060975609757,10.043852948869407,44.83,1,0,0.3975609756097561,1430.9477777777777,1.8360655737704918,0.0006988375226054527,0.0
driver_0017,11.39949773755656,10.409111822691527,42.36,0,0,0.3076923076923077,1431.736388888889,2.0,0.0,0.0
driver_0018,11.788990075890252,9.792379885788158,47.54,0,0,0.336835960303561,1418.7433333333333,2.0655737704918034,0.0,0.0
driver_0019,12.123754588358679,9.398535649741866,40.69,0,0,0.20922915574200315,1429.0366666666666,1.9180327868852458,0.0,0.0
driver_0020,12.911236897274632,10.101018402838115,43.15,0,0,0.3249475890985325,1429.7022222222222,2.0655737704918034,0.0,0.0
driver_0021,14.207335747542679,10.72333526195655,46.98,0,0,0.2793585100879462,1410.1772222222223,2.0327868852459017,0.0,0.0
driver_0022,11.210505263157895,9.812955551445345,39.63,0,0,0.3642105263157895,1430.3461111111112,1.901639344262295,0.0,0.0
driver_0023,12.023750668806848,11.053117803287304,43.3,0,0,0.3424291064740503,1425.7175,1.9672131147540983,0.0,0.0
driver_0024,13.002550911039656,11.112248558243948,59.59,0,0,0.44962486602357987,1424.6319444444443,1.9180327868852458,0.0,0.0
driver_0025,14.253641563393709,10.790245461920486,43.03,1,0,0.33603431839847475,1426.6858333333332,2.1639344262295084,0.0007009251628044718,0.0
driver_0026,12.00737507525587,8.954042580159323,40.47,2,0,0.25707405177603854,1420.7858333333334,2.0163934426229506,0.0014076716934231818,0.0
driver_0027,13.793319696084161,11.556195041058045,50.55,1,0,0.3758036236119229,1429.5591666666667,1.9508196721311475,0.0006995163427420224,0.0
driver_0028,15.471717990275527,10.178209711870048,43.47,1,0,0.42247433819556995,1425.5227777777777,2.1475409836065573,0.0007014970336418491,0.0
driver_0029,13.977754070746773,10.94108193138926,53.27,0,0,0.446378439079169,1408.6725,2.1475409836065573,0.0,0.0
driver_0030,12.021290165530672,10.115401934605337,48.68,0,0,0.4230769230769231,1413.045,1.9672131147540983,0.0,0.0
driver_0031,12.757462099943853,10.671383552577959,43.53,2,0,0.3323975294778215,1426.1858333333332,2.0491803278688523,0.0014023417939340538,0.0
driver_0032,15.504550027948575,11.524940059697775,67.1,1,0,0.383454443823365,1433.3405555555555,2.1639344262295084,0.0006976709032086273,0.0
driver_0033,12.338915492957746,9.942468271917576,41.47,0,0,0.2460093896713615,1433.4297222222222,2.0655737704918034,0.0,0.0
driver_0034,12.572186186186185,9.816582413947994,40.58,0,0,0.43423423423423424,1392.2272222222223,1.7704918032786885,0.0,0.0
driver_0035,13.419700934579438,9.701290471799856,40.18,0,0,0.3121495327102804,1397.1977777777777,2.0,0.0,0.0
driver_0036,12.44929874572406,10.225235358047826,45.42,0,0,0.40421892816419613,1421.6894444444445,1.8032786885245902,0.0,0.0
driver_0037,12.81688660801564,10.092300482578622,46.57,0,0,0.2570869990224829,1415.328611111111,2.262295081967213,0.0,0.0
driver_0038,11.875425038639877,9.121864137751652,43.94,0,0,0.3343637300360639,1410.3758333333333,2.0,0.0,0.0
driver_0039,13.227976629766298,10.31282712094654,50.85,0,1,0.32656826568265684,1433.4352777777779,1.901639344262295,0.0,0.0006976248007166931
driver_0040,15.90284638554217,11.911538386826056,63.11,0,0,0.3795180722891566,1427.8783333333333,2.0491803278688523,0.0,0.0
driver_0041,12.441144090663787,10.447205258748744,42.53,1,0,0.27792768483540203,1423.39,2.1639344262295084,0.0007025481421114382,0.0
driver_0042,13.228598028477546,9.732641675239266,38.7,1,0,0.3389923329682366,1438.1802777777777,2.1639344262295084,0.000695323121483186,0.0
driver_0043,10.886070967741935,9.498284081796612,34.32,1,0,0.3935483870967742,1427.4744444444445,1.639344262295082,0.0007005379352967595,0.0
driver_0044,12.219557213930349,9.709492927792027,41.5,0,0,0.3169154228855721,1429.855,2.1311475409836067,0.0,0.0
driver_0045,11.859205387205385,9.766509357418464,39.85,0,1,0.2855218855218855,1424.3983333333333,1.8852459016393444,0.0,0.0007020508074169328
driver_0046,15.29869795109055,10.309386722139012,45.71,1,0,0.30799735624586916,1420.1630555555555,2.0163934426229506,0.0007041444967097871,0.0
driver_0047,13.777786144578313,10.766286347491018,49.91,0,0,0.33383534136546184,1424.981388888889,2.081967213114754,0.0,0.0
driver_0048,11.641562320505455,9.719615773071611,46.32,0,0,0.4348075818495118,1404.6352777777777,1.8688524590163935,0.0,0.0
driver_0049,12.39549898167006,10.232218658769728,40.92,0,0,0.38560760353021045,1428.6647222222223,1.8852459016393444,0.0,0.0
driver_0050,13.921991125901275,9.284794508996029,37.36,1,0,0.26788685524126454,1433.4602777777777,2.1147540983606556,0.0006976126339198254,0.0
driver_0051,13.932544,10.329554405603067,49.45,0,1,0.2624,1413.2594444444444,1.9180327868852458,0.0,0.0007075841622223174
driver_0052,12.734403470715836,10.446066919034621,45.27,1,0,0.4078091106290672,1433.9919444444445,2.0491803278688523,0.000697353987150478,0.0
driver_0053,13.239667503136761,11.021583838540025,52.26,1,0,0.335633626097867,1418.2430555555557,1.9344262295081966,0.0007050977588663594,0.0
driver_0054,13.675221825599184,9.807389730752535,44.83,2,0,0.2835288118306986,1430.5916666666667,1.9508196721311475,0.0013980229625271594,0.0
driver_0055,13.720041916167665,9.734524339097819,45.86,0,0,0.37604790419161677,1400.8052777777777,2.1311475409836067,0.0,0.0
driver_0056,12.811048109965636,10.56203064997347,47.78,2,0,0.27605956471935855,1419.4066666666668,1.901639344262295,0.0014090394578016164,0.0
driver_0057,10.107710251688152,9.830484226241486,44.08,0,0,0.34008594229588707,1416.9825,1.8524590163934427,0.0,0.0
driver_0058,12.27846944294213,10.193623876320189,45.85,0,0,0.29259058950784206,1426.1030555555556,2.0,0.0,0.0
driver_0059,13.0235469667319,10.303348366415246,42.39,1,0,0.33268101761252444,1422.7872222222222,2.098360655737705,0.0007028457835305271,0.0
driver_0060,14.358933486238532,10.490855942886238,41.96,1,0,0.33256880733944955,1407.6475,2.0491803278688523,0.0007104051262833913,0.0
driver_0061,13.169468457943927,10.956503856078998,54.11,1,0,0.38317757009345793,1432.26,1.8852459016393444,0.0006981972546883945,0.0
driver_0062,13.797228694052727,10.331224144076614,40.78,0,0,0.3016554261189454,1417.1719444444445,2.0,0.0,0.0
driver_0063,12.010876089060988,9.71200248698263,45.12,1,0,0.33736689254598257,1426.0538888888889,2.0491803278688523,0.0007012357722183633,0.0
driver_0064,11.35512909632572,9.403696526043213,35.77,0,0,0.30685203574975173,1410.1538888888888,2.0327868852459017,0.0,0.0
driver_0065,12.519236311239192,11.038880238833618,53.08,0,0,0.34966378482228627,1415.1052777777777,2.0655737704918034,0.0,0.0
driver_0066,12.110873015873016,9.620204450392924,41.09,0,0,0.35714285714285715,1419.23,1.9836065573770492,0.0,0.0
driver_0067,12.682048331415421,10.006534333401266,41.21,1,0,0.26869965477560415,1408.92,1.9344262295081966,0.0007097635067995344,0.0
driver_0068,12.50226051401869,10.359426496196859,37.48,0,0,0.3382009345794392,1390.846388888889,1.7540983606557377,0.0,0.0
driver_0069,12.988845510317903,9.764749983947302,46.64,0,0,0.25766871165644173,1419.3558333333333,1.9180327868852458,0.0,0.0
driver_0070,10.989507918552036,9.309130485562052,50.2,0,1,0.4117647058823529,1435.151388888889,1.819672131147541,0.0,0.0006967906018432047
driver_0071,12.642537399309552,10.377655392202175,48.09,2,0,0.36075949367088606,1432.7080555555556,1.9672131147540983,0.0013959578102773129,0.0
driver_0072,13.625125786163522,9.713417511428048,41.56,1,0,0.3383647798742138,1420.5347222222222,1.8032786885245902,0.0007039602653539112,0.0
driver_0073,12.436432009626955,10.256686139343337,45.5,0,0,0.28279181708784595,1419.3058333333333,1.8852459016393444,0.0,0.0
driver_0074,14.29670056497175,9.608931029478862,41.98,1,0,0.3553672316384181,1420.9602777777777,1.9344262295081966,0.0007037494401770947,0.0
driver_0075,12.07687898089172,9.383857934940863,39.04,0,0,0.33121019108280253,1428.3719444444444,1.901639344262295,0.0,0.0
driver_0076,13.695991066443328,11.826075885383432,63.94,0,0,0.37353433835845895,1432.8855555555556,1.9836065573770492,0.0,0.0
driver_0077,12.323866171003719,9.98634854534536,44.2,0,0,0.38661710037174724,1433.0336111111112,1.8360655737704918,0.0,0.0
driver_0078,11.960839793281654,9.849912986870148,46.77,0,0,0.41472868217054265,1420.6041666666667,1.8032786885245902,0.0,0.0
driver_0079,11.841689953426481,9.72219407994109,45.68,0,0,0.3107119095143047,1428.8761111111112,1.7540983606557377,0.0,0.0
driver_0080,13.244634974533108,9.919342833748159,40.22,1,0,0.3203169213355971,1428.6816666666666,1.9672131147540983,0.0006999459875012978,0.0
driver_0081,15.248751592356689,11.89332076729969,48.92,1,0,0.32993630573248406,1427.435,1.9344262295081966,0.0007005572933268415,0.0
driver_0082,11.882744498777505,9.936288201720268,37.54,0,0,0.24205378973105135,1406.1861111111111,1.9672131147540983,0.0,0.0
driver_0083,14.04123880597015,10.872600966406356,48.52,0,0,0.30398009950248756,1420.3941666666667,1.819672131147541,0.0,0.0
driver_0084,13.763949082297218,9.532886615672282,40.61,0,1,0.3753700414446418,1428.4263888888888,1.8524590163934427,0.0,0.0007000710766606998
driver_0085,13.490826484018264,10.745046309519797,47.08,2,2,0.4214611872146119,1437.861388888889,2.2459016393442623,0.0013909546604805245,0.0013909546604805245
driver_0086,11.75220640569395,9.884118214271409,38.9,0,0,0.3309608540925267,1429.6663888888888,1.7377049180327868,0.0,0.0
driver_0087,12.835348973607038,10.846131545106594,51.22,0,1,0.3882697947214076,1428.5555555555557,2.0,0.0,0.0007000077778641984
driver_0088,13.002486969471333,9.966933037201027,51.71,2,0,0.35219657483246464,1430.6027777777779,1.7704918032786885,0.0013980121044548043,0.0
driver_0089,11.50874114441417,9.864936667770843,45.12,0,0,0.24850136239782017,1423.246388888889,1.9672131147540983,0.0,0.0
driver_0090,13.196869158878505,9.894235478258826,38.01,0,0,0.2897196261682243,1429.9083333333333,2.1475409836065573,0.0,0.0
driver_0091,12.367873531057638,10.629283409541118,48.03,0,0,0.30386121992165643,1428.7613888888889,2.081967213114754,0.0,0.0
driver_0092,15.354,11.72086222919601,58.9,4,0,0.28535031847133757,1400.1591666666666,1.901639344262295,0.002856818064136756,0.0
driver_0093,12.767759882869692,11.283277410833055,50.54,3,0,0.2869692532942899,1409.4019444444446,1.901639344262295,0.002128562410336772,0.0
driver_0094,10.51991660875608,8.94978724038274,34.81,0,0,0.3113273106323836,1420.3183333333334,1.6721311475409837,0.0,0.0
driver_0095,13.816679389312975,9.543963172842348,38.69,0,0,0.23740458015267177,1419.0447222222222,1.8360655737704918,0.0,0.0
driver_0096,12.274344827586207,10.543633475873014,44.55,1,0,0.3132183908045977,1405.0427777777777,2.081967213114754,0.0007117221025694355,0.0
driver_0097,14.193360824742268,10.559429629618535,49.39,1,0,0.27147766323024053,1423.595,1.7704918032786885,0.0007024469740340476,0.0
driver_0098,11.87728317659352,10.116856094977386,48.69,0,0,0.3955067920585162,1425.9008333333334,2.19672131147541,0.0,0.0
driver_0099,13.157527322404372,11.358519100261093,53.63,2,0,0.2766393442622951,1415.1330555555555,1.6885245901639345,0.001413294666638139,0.0
driver_0100,15.211815856777493,11.472870434865191,48.71,0,0,0.2445012787723785,1415.7425,2.081967213114754,0.0,0.0
driver_0101,13.810600475624257,10.876599900598158,44.34,1,0,0.29369797859690844,1421.1230555555555,2.0327868852459017,0.0007036688315559506,0.0
driver_0102,14.021271379703535,11.19433856954473,45.73,0,0,0.40763968072976053,1412.4027777777778,1.7049180327868851,0.0,0.0
driver_0103,15.28132953957579,12.147806844019557,52.68,0,0,0.3828246249353337,1410.24,1.9836065573770492,0.0,0.0
driver_0104,15.76678078078078,10.992843819110744,52.45,1,0,0.3471471471471472,1410.8358333333333,1.9836065573770492,0.0007087996890732031,0.0
driver_0105,13.858852364475203,10.637082319096995,42.98,0,0,0.36101499423298733,1432.8572222222222,1.8360655737704918,0.0,0.0
driver_0106,11.977404479578393,9.338273671151258,40.78,1,0,0.4090909090909091,1394.4319444444445,1.7704918032786885,0.0007171379026306012,0.0
driver_0107,13.392239527389902,11.439312096298613,47.04,1,0,0.4070891514500537,1432.6897222222221,2.0163934426229506,0.000697987836786402,0.0
driver_0108,13.129035506094331,9.722074259815788,40.67,0,0,0.3184949655537891,1432.9147222222223,1.8852459016393444,0.0,0.0
driver_0109,12.095440835266821,10.08673365946504,47.62,1,0,0.3451276102088167,1407.7675,1.6885245901639345,0.0007103445703924832,0.0
driver_0110,14.220304369170348,10.6186436947085,50.28,1,0,0.30338733431516934,1410.3113888888888,2.262295081967213,0.0007090632663669037,0.0
driver_0111,13.299861460957178,11.12572096088651,52.08,0,0,0.31297229219143574,1428.7291666666667,1.9344262295081966,0.0,0.0
driver_0112,14.43788795878944,10.947919589843828,45.37,1,0,0.36509980682549903,1409.221388888889,1.8360655737704918,0.0007096117103278268,0.0
driver_0113,11.553910056214866,9.435746344455485,37.46,0,0,0.2848219862585884,1434.1755555555555,2.0327868852459017,0.0,0.0
driver_0114,11.079353348729793,9.679781203228869,35.74,0,0,0.29176289453425713,1417.7263888888888,1.7049180327868851,0.0,0.0
driver_0115,14.591175792507205,10.592047489146355,48.42,1,0,0.4161383285302594,1427.5997222222222,2.0491803278688523,0.0007004764601966899,0.0
driver_0116,11.749583528310716,11.34494795351848,62.83,2,0,0.3799719232569022,1431.4105555555554,1.9508196721311475,0.0013972231741883202,0.0
driver_0117,11.478318739054291,9.830522459220733,41.15,1,0,0.29889083479276124,1437.2602777777777,1.7704918032786885,0.0006957682025041085,0.0
driver_0118,13.548788990825688,10.69234383321142,45.09,0,0,0.382262996941896,1421.8202777777778,1.8852459016393444,0.0,0.0
driver_0119,10.899862522414825,9.973527480272411,42.83,0,0,0.3066347878063359,1411.2141666666666,1.7868852459016393,0.0,0.0
driver_0120,12.602791938352103,9.503579183098593,39.22,1,0,0.34795494961470064,1416.8519444444444,2.0491803278688523,0.0007057900466742879,0.0
driver_0121,13.980517456359102,10.79183410097429,44.73,0,0,0.3092269326683292,1381.5269444444446,1.7540983606557377,0.0,0.0
driver_0122,14.346112852664577,10.112243932598519,47.41,0,0,0.31786833855799373,1430.0516666666667,1.9344262295081966,0.0,0.0
driver_0123,12.2690503875969,9.66665488908713,35.97,1,0,0.3107235142118863,1424.8008333333332,2.0655737704918034,0.0007018524811362525,0.0
driver_0124,15.178505002942908,10.911072779010945,42.7,1,0,0.33843437316068276,1432.4869444444444,2.0327868852459017,0.0006980866414722027,0.0
driver_0125,14.418428645028335,13.193247630702407,63.81,2,0,0.33900051519835134,1429.0197222222223,1.9672131147540983,0.0013995608100424708,0.0
driver_0126,15.385886875343218,12.636740214064119,61.81,1,0,0.25645249862712793,1433.966111111111,2.081967213114754,0.0006973665501935386,0.0
driver_0127,11.713232432432433,10.125626578774908,46.36,1,0,0.31405405405405407,1390.9683333333332,1.9180327868852458,0.0007189236275448399,0.0
driver_0128,11.545107985936715,9.160661766262887,42.62,2,0,0.18734304369663485,1388.5483333333334,1.9344262295081966,0.0014403531745984114,0.0
driver_0129,14.785094043887147,11.907468996179128,63.06,1,0,0.290491118077325,1439.1663888888888,1.8360655737704918,0.0006948466888335628,0.0
driver_0130,13.670544412607448,10.896257389802306,50.64,0,0,0.30830945558739253,1426.1927777777778,2.1639344262295084,0.0,0.0
driver_0131,13.47280306905371,10.250407781767441,44.23,0,0,0.3769820971867008,1420.8377777777778,2.0163934426229506,0.0,0.0
driver_0132,11.953852025836758,9.221027097609436,42.89,0,0,0.36817381092190254,1427.8413888888888,1.8688524590163935,0.0,0.0
driver_0133,12.361107574793126,9.234178663410374,37.15,0,0,0.3360916613621897,1418.9169444444444,1.8852459016393444,0.0,0.0
driver_0134,13.046088249876053,10.176263635807702,40.07,0,0,0.31184928111056026,1427.0944444444444,2.1147540983606556,0.0,0.0
driver_0135,15.134755747126437,10.418006280705173,41.84,1,0,0.20186781609195403,1427.7208333333333,1.7049180327868851,0.0007004170399792209,0.0
driver_0136,12.346576576576576,10.2663570180237,47.4,2,0,0.24274274274274274,1414.0052777777778,1.9672131147540983,0.0014144218776489714,0.0
driver_0137,12.79178051511758,10.190873511845412,45.5,1,1,0.3437849944008959,1420.4544444444443,1.9836065573770492,0.0007040000500622258,0.0007040000500622258
driver_0138,12.495373781148428,9.702599643039566,44.91,0,0,0.29469122426868904,1416.6180555555557,2.1147540983606556,0.0,0.0
driver_0139,12.127292173067573,9.99987645880409,40.8,2,0,0.30140982012639767,1426.8280555555555,2.1475409836065573,0.001401710593096848,0.0
driver_0140,13.602939685757729,10.205541721064929,46.58,1,1,0.35073492143943236,1419.1486111111112,2.0655737704918034,0.0007046478375630146,0.0007046478375630146
driver_0141,13.94244561140285,10.353997219861958,42.34,0,0,0.3765941485371343,1425.6127777777779,1.540983606557377,0.0,0.0
driver_0142,12.614019292604501,9.800118586996728,49.64,2,0,0.4137191854233655,1417.3561111111112,1.8688524590163935,0.001411077981264804,0.0
driver_0143,12.29452025586354,9.22770720726747,37.26,0,0,0.24147121535181237,1424.528611111111,2.0,0.0,0.0
driver_0144,12.562345747637575,10.49016341250185,41.03,0,0,0.45692051139521955,1436.9255555555555,1.8360655737704918,0.0,0.0
driver_0145,12.93848120300752,9.598717475817491,46.13,1,0,0.27769423558897244,1428.1975,2.0491803278688523,0.0007001832729717003,0.0
driver_0146,15.200765979926043,11.200602459194133,61.43,2,0,0.34231378763866877,1419.3808333333334,2.0327868852459017,0.001409065102917528,0.0
driver_0147,12.396608796296297,10.892197398755178,54.47,1,0,0.3113425925925926,1427.8322222222223,1.8688524590163935,0.00070036239863227,0.0
driver_0148,12.165745887691434,10.427046531611614,42.99,0,0,0.41123085649461144,1435.358611111111,1.8688524590163935,0.0,0.0
driver_0149,12.274619260918254,9.502091209936866,38.71,0,0,0.26035834266517355,1423.105,2.0655737704918034,0.0,0.0
driver_0150,12.757522935779818,10.345189322678348,55.55,1,0,0.31240946402704006,1392.0833333333333,2.081967213114754,0.0007183478000598624,0.0
driver_0151,12.624126984126985,9.283267476523363,48.76,0,0,0.4072039072039072,1431.911111111111,1.7540983606557377,0.0,0.0
driver_0152,12.91170703575548,10.958146383238203,44.55,1,0,0.2618223760092272,1425.0927777777779,2.1639344262295084,0.000701708699667507,0.0
driver_0153,12.223897026187306,10.086604344590508,43.54,0,0,0.3981358189081225,1394.81,2.0327868852459017,0.0,0.0
driver_0154,11.9854245014245,10.109638647898121,47.66,0,0,0.3572649572649573,1430.8577777777778,1.9836065573770492,0.0,0.0
driver_0155,12.510824858757061,10.195699771761586,44.91,0,0,0.20508474576271185,1422.506111111111,1.9508196721311475,0.0,0.0
driver_0156,12.49607948442535,10.807161749167474,49.35,0,0,0.24060150375939848,1417.7166666666667,2.098360655737705,0.0,0.0
driver_0157,13.232380228136883,10.494725334915465,43.41,1,0,0.3269961977186312,1422.5158333333334,1.8032786885245902,0.0007029798731004166,0.0
driver_0158,12.291725559481742,9.687505364694806,39.55,0,0,0.3457008244994111,1394.7633333333333,1.8524590163934427,0.0,0.0
driver_0159,14.469256559766764,10.316956325785501,45.6,0,0,0.33770651117589895,1430.941111111111,1.8688524590163935,0.0,0.0
driver_0160,12.658473871733966,9.570886750424632,40.29,0,0,0.29513064133016625,1423.7402777777777,1.8852459016393444,0.0,0.0
driver_0161,14.69818293431553,10.457597846345992,40.9,1,0,0.3934929404542664,1426.6861111111111,1.9508196721311475,0.0007009250263333638,0.0
driver_0162,12.197854609929077,10.277379894693128,45.55,3,0,0.4030732860520095,1427.2091666666668,1.8360655737704918,0.002102004436397141,0.0
driver_0163,12.222924924924923,9.382160882327929,36.23,1,0,0.25885885885885884,1426.6669444444444,2.0327868852459017,0.0007009344429644777,0.0
driver_0164,10.642385321100917,9.1720199118799,39.29,1,0,0.30458715596330277,1425.6508333333334,1.9672131147540983,0.0007014340234080224,0.0
driver_0165,14.874382566585956,11.976491508597592,62.31,2,0,0.4682808716707022,1428.306111111111,2.1147540983606556,0.0014002600594099227,0.0
driver_0166,11.45470403587444,9.825301997070168,46.65,0,0,0.38923766816143496,1432.4033333333334,2.262295081967213,0.0,0.0
driver_0167,13.044948034342521,11.01041150212893,66.6,0,0,0.3402620876638048,1436.5552777777777,2.19672131147541,0.0,0.0
driver_0168,12.94692234397332,9.881341439096557,40.36,0,0,0.3325393044306813,1423.0247222222222,2.098360655737705,0.0,0.0
driver_0169,11.112146924829158,9.09843787995082,40.21,0,0,0.32687927107061504,1410.181388888889,1.8032786885245902,0.0,0.0
driver_0170,14.000200129115559,10.285169877273146,46.87,0,0,0.30471271788250487,1412.831111111111,1.9508196721311475,0.0,0.0
driver_0171,12.225584577114429,9.710095326250128,49.33,0,0,0.4247512437810945,1429.3338888888889,1.9180327868852458,0.0,0.0
driver_0172,13.169791122715404,9.78714217807326,39.14,0,0,0.38511749347258484,1430.6922222222222,1.8524590163934427,0.0,0.0
driver_0173,15.32056119402985,11.168899917711245,45.61,1,0,0.4191044776119403,1435.3508333333334,1.9672131147540983,0.0006966937816015945,0.0
driver_0174,14.1102691065662,10.83470266973413,42.24,1,0,0.4235737351991389,1400.8105555555555,1.9344262295081966,0.0007138724048259361,0.0
driver_0175,15.000791450028885,10.631802733932043,48.83,1,0,0.30387059503177355,1434.8836111111111,1.7868852459016393,0.0006969206368073601,0.0
driver_0176,11.806643835616438,10.28701267082103,38.06,1,0,0.44783983140147526,1415.0933333333332,1.8852459016393444,0.0007066671691855425,0.0
driver_0177,12.504231738035266,9.649290467684889,38.07,0,0,0.2682619647355164,1423.296388888889,1.7049180327868851,0.0,0.0
driver_0178,13.893556100551809,10.628272740987606,43.65,0,0,0.26241569589209074,1431.3777777777777,1.8688524590163935,0.0,0.0
driver_0179,11.668973509933775,9.756168601543258,46.02,0,0,0.3890728476821192,1426.598888888889,2.0327868852459017,0.0,0.0
driver_0180,13.683347570742125,11.547885747187301,54.67,0,0,0.27068873465029364,1420.4844444444445,2.1311475409836067,0.0,0.0
driver_0181,11.02498188405797,9.990995196414485,44.66,1,1,0.4178743961352657,1434.4119444444445,2.0327868852459017,0.0006971497998695942,0.0006971497998695942
driver_0182,11.396598802395209,10.085964907996809,54.48,1,0,0.4173652694610778,1426.5158333333334,1.9508196721311475,0.0007010086930919682,0.0
driver_0183,13.429824029126213,10.18498925982792,45.19,0,0,0.46480582524271846,1430.5638888888889,1.7868852459016393,0.0,0.0
driver_0184,11.967443064182193,10.583778368888359,43.91,1,0,0.41252587991718426,1435.0455555555557,2.0163934426229506,0.0006968419895303362,0.0
driver_0185,14.008280766852195,11.725065628722668,54.53,0,0,0.33518862090290663,1417.8066666666666,2.0655737704918034,0.0,0.0
driver_0186,12.77971612212105,10.584451197586809,50.51,1,0,0.46491697911087304,1435.2619444444445,1.9836065573770492,0.0006967369293603587,0.0
driver_0187,13.154945725915875,9.82153238907033,44.96,2,0,0.32700135685210313,1423.6944444444443,1.7868852459016393,0.0014047958168302344,0.0
driver_0188,12.387255520504732,10.367307461687645,47.72,1,0,0.31650893796004204,1421.7097222222221,1.9508196721311475,0.0007033784635283614,0.0
driver_0189,15.342046353872245,11.938354967895659,54.76,1,0,0.3233465234595817,1428.5483333333334,1.639344262295082,0.0007000113168496223,0.0
driver_0190,13.93944589877836,10.248351544659728,47.22,1,0,0.34904013961605584,1420.5127777777777,2.0655737704918034,0.0007039711403120078,0.0
driver_0191,11.60891852919971,9.387429460417273,42.96,0,1,0.25306416726748376,1429.9086111111112,1.6557377049180328,0.0,0.0006993453932856237
driver_0192,12.531518248175182,10.097756995026486,39.99,0,0,0.4520681265206813,1400.3119444444444,2.081967213114754,0.0,0.0
driver_0193,12.071626984126983,10.22759128534336,46.67,0,0,0.3253968253968254,1427.1405555555555,2.0655737704918034,0.0,0.0
driver_0194,12.526514459665144,10.541499610648316,44.93,0,0,0.16362252663622526,1395.7088888888889,1.6721311475409837,0.0,0.0
driver_0195,13.219232710752145,10.75581994286317,49.91,2,0,0.16506814740030287,1431.4038888888888,2.0655737704918034,0.0013972296816606232,0.0
driver_0196,13.659492036160138,10.4748544029688,51.84,2,0,0.2785191562634524,1428.0891666666666,2.1475409836065573,0.001400472776268055,0.0
driver_0197,12.657896656534955,10.237492265427639,44.77,0,0,0.2948328267477204,1410.3555555555556,1.8524590163934427,0.0,0.0
driver_0198,12.924723726977248,9.686125539781738,49.09,0,0,0.28277356446370533,1433.1308333333334,2.098360655737705,0.0,0.0
driver_0199,14.378098550724639,10.639862864023405,47.43,0,1,0.3408695652173913,1397.8252777777777,1.9344262295081966,0.0,0.0007153969926697642
driver_0200,11.436287246722289,9.451543133403783,49.25,0,0,0.40762812872467225,1427.4341666666667,1.9836065573770492,0.0,0.0
driver_0201,11.887070496083552,10.000574556782704,47.13,1,0,0.45378590078328984,1440.1180555555557,2.0163934426229506,0.0006943875164555375,0.0
driver_0202,14.027258968609866,8.984925853600775,53.98,1,0,0.3783632286995516,1437.673888888889,1.9508196721311475,0.0006955680337025897,0.0
driver_0203,13.039786569495055,10.575960708244914,57.05,1,0,0.31546069755335765,1425.8991666666666,2.0163934426229506,0.0007013118622810519,0.0
driver_0204,12.598633582596873,9.438508787495687,37.82,0,1,0.3038749150237933,1437.1861111111111,1.8032786885245902,0.0,0.0006958041079501417
driver_0205,12.749976993865031,10.450304599926406,42.96,0,0,0.25153374233128833,1400.2055555555555,1.5573770491803278,0.0,0.0
driver_0206,12.123488681757657,10.213286991118443,43.05,1,0,0.3244562805148691,1414.4447222222223,2.1147540983606556,0.000706991220150978,0.0
driver_0207,12.27466926070039,10.049745263159636,38.95,0,0,0.2623679822123402,1422.9891666666667,1.9672131147540983,0.0,0.0
driver_0208,12.662301703163017,9.96259327474558,45.57,0,0,0.38248175182481753,1437.0702777777778,2.0491803278688523,0.0,0.0
driver_0209,13.094742647058823,10.204509765471043,43.18,0,0,0.38419117647058826,1418.6344444444444,1.6721311475409837,0.0,0.0
driver_0210,12.317454835281616,10.42932836871933,45.44,0,1,0.371413390010627,1421.0147222222222,2.2295081967213113,0.0,0.0007037224768763636
driver_0211,12.146405158516925,9.853463902982105,42.45,0,0,0.37614185921547555,1420.3211111111111,1.7868852459016393,0.0,0.0
driver_0212,12.571504090623034,9.622141595423674,38.98,0,0,0.40339836375078664,1431.7527777777777,1.8360655737704918,0.0,0.0
driver_0213,14.193062060889929,11.096099091442577,50.0,0,0,0.34953161592505855,1415.7972222222222,1.8852459016393444,0.0,0.0
driver_0214,12.389507357645552,10.231315749807399,49.99,1,0,0.48304542546385154,1402.7516666666668,1.8852459016393444,0.0007128845566630349,0.0
driver_0215,11.879358108108109,10.40425799900891,45.3,0,0,0.3966216216216216,1411.3111111111111,1.7868852459016393,0.0,0.0
driver_0216,12.02232298136646,9.373679788941594,38.9,0,0,0.33043478260869563,1408.3752777777777,1.901639344262295,0.0,0.0
driver_0217,11.837792056074766,10.337101480101627,49.67,0,0,0.24707943925233644,1412.673611111111,1.9508196721311475,0.0,0.0
driver_0218,11.620642377756472,9.707419979412514,48.3,1,0,0.3259827420901246,1400.0425,2.0327868852459017,0.0007142640312704793,0.0
driver_0219,11.453083427282976,8.939366028617467,37.47,0,0,0.3320180383314543,1437.138888888889,2.262295081967213,0.0,0.0
driver_0220,12.932255790533736,9.918790190255889,49.36,1,0,0.3595166163141994,1415.195,2.0655737704918034,0.0007066164026865556,0.0
driver_0221,15.215589123867069,11.130286774216657,50.53,1,0,0.31722054380664655,1424.5513888888888,1.9836065573770492,0.0007019753782136092,0.0
driver_0222,13.638513263417643,10.602300691300162,46.06,1,1,0.3726095003084516,1423.5783333333334,1.901639344262295,0.0007024551979928513,0.0007024551979928513
driver_0223,13.503055928411634,10.406220421854544,47.6,0,0,0.26532438478747206,1426.1716666666666,2.2950819672131146,0.0,0.0
driver_0224,12.934908632640202,9.726973691184666,42.59,0,1,0.40327662255828606,1432.9202777777778,1.901639344262295,0.0,0.0006978755311850528
driver_0225,12.012711781888997,9.470903785132942,39.71,1,0,0.36903602726387535,1429.8961111111112,2.0,0.0006993515068888066,0.0
driver_0226,13.280520945220195,9.953503899038775,43.75,0,0,0.38882921589688507,1431.2908333333332,2.2459016393442623,0.0,0.0
driver_0227,13.128061674008812,10.860587975683183,46.27,0,0,0.3146633102580239,1425.5183333333334,1.8524590163934427,0.0,0.0
driver_0228,13.954365307294658,10.366221321984161,43.35,0,0,0.35496840896036763,1415.2605555555556,1.9508196721311475,0.0,0.0
driver_0229,12.94685884691849,9.355568296694143,38.72,0,1,0.29721669980119286,1420.2366666666667,2.4098360655737703,0.0,0.0007041080007792128
driver_0230,13.173925501432665,10.788874403774006,40.37,0,0,0.41146131805157593,1419.9080555555556,2.0163934426229506,0.0,0.0
driver_0231,14.234654919236418,10.5502848676841,52.6,1,0,0.3700440528634361,1422.1552777777779,2.0491803278688523,0.0007031580978714036,0.0
driver_0232,12.630475946775844,10.27804079129936,45.18,1,0,0.3781985670419652,1421.5625,2.081967213114754,0.0007034513079797758,0.0
driver_0233,13.654379844961241,10.297833331951253,54.06,1,0,0.4368770764119601,1414.5797222222222,1.9836065573770492,0.0007069237486516903,0.0
driver_0234,12.978024691358025,10.495705645897223,41.76,1,0,0.37679012345679014,1428.3605555555555,2.098360655737705,0.0007001033430323576,0.0
driver_0235,14.363012528473805,10.539800615588847,40.81,0,0,0.417995444191344,1423.128888888889,1.9672131147540983,0.0,0.0
driver_0236,13.328228346456694,9.351427179484139,37.53,0,0,0.2782152230971129,1420.0613888888888,2.0163934426229506,0.0,0.0
driver_0237,13.509742074153682,9.846852230950226,37.65,0,0,0.30521225147770015,1381.8044444444445,2.098360655737705,0.0,0.0
driver_0238,13.220325059101656,10.357018878423915,40.6,0,0,0.3191489361702128,1421.5111111111112,1.8360655737704918,0.0,0.0
driver_0239,12.923958566629338,10.506950062462902,39.5,0,0,0.393057110862262,1437.398888888889,1.8688524590163935,0.0,0.0
driver_0240,13.290467955239064,10.52001642258902,43.53,0,0,0.3992878942014242,1381.1005555555555,2.081967213114754,0.0,0.0
driver_0241,13.177557702630168,10.57131713992142,41.88,2,0,0.3376274825550188,1417.8775,1.9672131147540983,0.0014105590927283914,0.0
driver_0242,14.054756613756615,10.538222736931125,44.12,1,0,0.3576719576719577,1431.1483333333333,2.0491803278688523,0.000698739590235813,0.0
driver_0243,13.786361167684998,9.56751331697826,38.4,0,0,0.42973523421588594,1418.11,1.8852459016393444,0.0,0.0
driver_0244,13.471349104859334,9.941389766446761,39.0,2,0,0.32672634271099743,1424.7522222222221,1.901639344262295,0.0014037528552723008,0.0
driver_0245,12.254426139483801,9.269389957205636,41.18,3,0,0.343218012081274,1422.9063888888888,2.081967213114754,0.002108360763171935,0.0
driver_0246,13.475692031156381,10.6473008627958,42.05,0,0,0.44937088076692633,1415.1675,1.9180327868852458,0.0,0.0
driver_0247,12.165834312573443,10.509226034451615,54.66,1,0,0.33783783783783783,1422.9491666666668,1.9672131147540983,0.0007027657933435195,0.0
driver_0248,12.289961501443697,9.747773149077378,47.47,2,0,0.24735322425409048,1430.4969444444444,2.0163934426229506,0.001398115534442285,0.0
driver_0249,12.395318091451292,10.469001114450778,48.02,1,0,0.32007952286282304,1400.2933333333333,2.1147540983606556,0.0007141360857725049,0.0
driver_0250,13.724653020469296,10.101283343800086,46.96,0,0,0.27508736894658015,1425.8133333333333,2.081967213114754,0.0,0.0
driver_0251,13.598204633204634,11.187029551841325,43.17,0,0,0.39703989703989706,1433.9802777777777,1.9836065573770492,0.0,0.0
driver_0252,10.932352941176472,9.92812628570525,43.22,0,0,0.38316243928764165,1415.7983333333334,1.8852459016393444,0.0,0.0
driver_0253,11.667652173913044,10.371405236876706,46.05,0,0,0.2531400966183575,1423.213888888889,2.19672131147541,0.0,0.0
driver_0254,11.965394736842104,9.552686207208364,43.9,1,0,0.32894736842105265,1416.645,1.8524590163934427,0.0007058931489540429,0.0
driver_0255,14.720202469135803,10.837638283579377,42.68,2,0,0.23555555555555555,1419.3447222222221,2.2950819672131146,0.0014091009524935315,0.0
driver_0256,10.919938157081015,8.95278245763834,43.84,1,0,0.37971552257266544,1416.2575,1.8524590163934427,0.0007060862872747364,0.0
driver_0257,10.73551673944687,9.95152195938357,48.73,3,0,0.3939835031538088,1419.5202777777777,1.9180327868852458,0.0021133900282822465,0.0
driver_0258,13.232810945273632,11.210550021964876,53.55,1,0,0.32276119402985076,1425.451388888889,1.9180327868852458,0.0007015321657369741,0.0
driver_0259,13.687440633245384,9.690125213655428,39.7,0,0,0.2934036939313984,1414.2144444444446,2.1311475409836067,0.0,0.0
driver_0260,14.438803869832892,11.371141786496555,44.75,1,1,0.27132805628847845,1426.645,2.081967213114754,0.0007009452246354209,0.0007009452246354209
driver_0261,12.353991788321169,10.510976705190481,46.79,0,0,0.34808394160583944,1407.2319444444445,1.9180327868852458,0.0,0.0
driver_0262,13.475526315789473,9.938575250709757,44.4,2,0,0.34004127966976266,1432.5780555555555,2.1147540983606556,0.0013960844871551503,0.0
driver_0263,13.207358597285069,10.748175190657255,47.64,2,0,0.3495475113122172,1421.6780555555556,2.0327868852459017,0.0014067882613679726,0.0
driver_0264,12.497687991021325,11.023112706582095,42.64,1,0,0.24971941638608305,1419.8416666666667,2.0655737704918034,0.0007043038836489984,0.0
driver_0265,11.37649386845039,10.108464241849061,40.24,2,0,0.23690078037904125,1409.3394444444446,1.9836065573770492,0.001419104537153142,0.0
driver_0266,12.770091693635383,9.981882743253431,39.92,0,0,0.36138079827400216,1413.3408333333334,2.1147540983606556,0.0,0.0
driver_0267,12.787439516129032,10.324311653864912,43.25,0,0,0.3649193548387097,1410.5983333333334,1.8688524590163935,0.0,0.0
driver_0268,14.735915708812259,10.706839399010445,49.32,0,0,0.4168582375478927,1421.7225,1.9344262295081966,0.0,0.0
driver_0269,13.420266529984623,9.725001305422213,44.39,0,0,0.29062019477191187,1428.8669444444445,1.9508196721311475,0.0,0.0
driver_0270,13.968688032048073,10.69926614180938,53.04,0,0,0.39959939909864794,1404.0575,1.9508196721311475,0.0,0.0
driver_0271,10.287337125129266,9.581133583131692,44.93,1,0,0.3428128231644261,1428.9375,2.1147540983606556,0.0006998206709530683,0.0
driver_0272,12.74145219638243,10.608143079556548,42.13,1,0,0.4,1413.5130555555556,2.1475409836065573,0.0007074572081734102,0.0
driver_0273,11.904222222222222,9.332360554651352,38.51,0,0,0.2801346801346801,1387.9491666666668,1.9508196721311475,0.0,0.0
driver_0274,11.330348226018398,9.628391411883618,39.37,0,0,0.3002628120893561,1414.6761111111111,1.9836065573770492,0.0,0.0
driver_0275,12.557113997113998,10.885391555592612,43.48,0,0,0.30976430976430974,1431.8172222222222,2.1311475409836067,0.0,0.0
driver_0276,13.866275981524248,10.866475841574811,50.95,0,0,0.2569284064665127,1412.255,1.8360655737704918,0.0,0.0
driver_0277,15.118863771564545,10.720701506503648,47.04,1,0,0.33432480666270076,1431.456111111111,1.8524590163934427,0.0006985893540415917,0.0
driver_0278,14.967782851344495,10.919235344712952,58.1,2,0,0.2643328259766616,1365.0188888888888,1.8688524590163935,0.001465181190003883,0.0
driver_0279,13.648198675496689,10.464382041851515,56.06,0,1,0.39470198675496687,1429.6016666666667,1.8032786885245902,0.0,0.0006994955471279296
driver_0280,11.806087577344123,9.955071596687976,40.33,1,0,0.3222275107091861,1436.7558333333334,2.2459016393442623,0.0006960124864640072,0.0
driver_0281,13.057171651495448,10.853822115717495,47.04,0,0,0.4284785435630689,1421.5469444444445,1.9180327868852458,0.0,0.0
driver_0282,11.671991626794258,9.561319104646365,45.64,0,0,0.34868421052631576,1432.7858333333334,1.9672131147540983,0.0,0.0
driver_0283,14.381968503937008,9.915237294562962,47.03,0,0,0.3803755299818292,1426.3716666666667,1.6721311475409837,0.0,0.0
driver_0284,12.937838827838828,10.607817415346043,40.34,1,0,0.29242979242979245,1431.7219444444445,1.8524590163934427,0.0006984596442628622,0.0
driver_0285,13.163229461756375,9.9442783379669,39.42,0,0,0.358356940509915,1433.058611111111,2.0655737704918034,0.0,0.0
driver_0286,13.198457082675091,10.317104976674003,41.78,0,0,0.382306477093207,1419.2927777777777,2.0,0.0,0.0
driver_0287,12.136995798319328,9.19397030598688,41.59,0,0,0.31022408963585435,1406.0944444444444,1.7704918032786885,0.0,0.0
driver_0288,13.012828989192625,10.244203155416187,42.06,0,0,0.34265734265734266,1415.591111111111,1.7868852459016393,0.0,0.0
driver_0289,13.846829665851672,11.03658179339727,53.65,0,0,0.4193154034229829,1394.8916666666667,2.0491803278688523,0.0,0.0
driver_0290,12.05336224489796,10.259366381093125,41.46,1,0,0.3377551020408163,1428.4802777777777,1.9836065573770492,0.000700044666738875,0.0
driver_0291,12.640911572052403,9.713251472388205,41.99,1,0,0.4972707423580786,1399.8827777777778,2.0163934426229506,0.0007143455265500405,0.0
driver_0292,11.564876169510182,9.397463923434708,38.51,0,0,0.33076499724821135,1430.213888888889,1.9836065573770492,0.0,0.0
driver_0293,13.31952275740168,12.00653213173955,73.57,1,0,0.2982766239505082,1416.5380555555555,2.278688524590164,0.0007059464418044226,0.0
driver_0294,13.649875246224555,9.684938144199085,39.55,0,0,0.3703217334208798,1426.0075,1.9180327868852458,0.0,0.0
driver_0295,12.794231725509697,9.78362353103505,43.88,0,0,0.2570860268523123,1424.8266666666666,1.9508196721311475,0.0,0.0
driver_0296,12.608703819661866,10.410057209898035,47.7,1,0,0.2917971195992486,1430.1652777777779,1.9180327868852458,0.0006992198842596864,0.0
driver_0297,14.120315002669514,11.470328484008737,49.89,4,0,0.37800320341697813,1426.7777777777778,1.8032786885245902,0.0028035199750798224,0.0
driver_0298,13.584237388724034,10.1186936650714,41.12,0,0,0.3483679525222552,1425.2205555555556,1.8524590163934427,0.0,0.0
driver_0299,14.925437262357415,10.856590867167629,47.07,0,0,0.33079847908745247,1434.681111111111,2.0655737704918034,0.0,0.0
driver_0300,12.264179104477613,10.59138111794694,51.69,1,0,0.44776119402985076,1426.8944444444444,1.9180327868852458,0.0007008226879664851,0.0
driver_0301,12.409315068493152,10.155560514502584,48.1,2,0,0.30375223347230496,1423.441111111111,1.9508196721311475,0.0014050458318144528,0.0
driver_0302,14.418279069767442,9.53245568599694,45.19,0,0,0.32790697674418606,1436.4283333333333,1.9508196721311475,0.0,0.0
driver_0303,9.962919847328244,9.14358538876252,41.09,1,0,0.45467557251908397,1433.3255555555556,2.0327868852459017,0.000697678204455373,0.0
driver_0304,12.974513422818791,10.845009045440149,43.97,0,0,0.35850111856823264,1427.0808333333334,2.0,0.0,0.0
driver_0305,12.429402234636871,10.234119603480865,44.75,1,0,0.30335195530726256,1429.2341666666666,1.9344262295081966,0.0006996754089165469,0.0
driver_0306,13.074991861096038,10.594248748982077,44.24,1,0,0.2642430819316332,1432.693611111111,2.0,0.0006979859421753547,0.0
driver_0307,10.912096219931271,9.50479352228854,40.06,0,0,0.26918671248568155,1421.1238888888888,1.9180327868852458,0.0,0.0
driver_0308,12.421947674418604,9.21972600621107,43.28,0,0,0.32558139534883723,1405.3294444444443,1.901639344262295,0.0,0.0
driver_0309,13.984118273841235,11.383541191402895,54.01,2,0,0.2903569525839105,1410.4705555555556,2.0327868852459017,0.0014179665021169057,0.0
driver_0310,12.950465243568692,10.065089457951844,45.04,0,0,0.32567049808429116,1426.9125,2.081967213114754,0.0,0.0
driver_0311,14.108937998772252,10.358632605168332,43.41,0,0,0.2756292203806016,1417.4802777777777,1.8032786885245902,0.0,0.0
driver_0312,12.816067278287463,11.401694708918178,53.74,0,0,0.27217125382262997,1422.54,1.9508196721311475,0.0,0.0
driver_0313,14.318733294596166,10.414243110150414,53.73,1,0,0.4346310284718187,1387.1341666666667,1.9344262295081966,0.0007209107987030815,0.0
driver_0314,11.227746331236897,9.821290895569069,42.22,1,0,0.3118448637316562,1436.0233333333333,2.1639344262295084,0.000696367514919674,0.0
driver_0315,11.866489091831557,9.894037195844216,41.55,0,0,0.47995941146626075,1430.925,1.901639344262295,0.0,0.0
driver_0316,12.147552147239264,9.120807488412403,45.29,0,0,0.37423312883435583,1430.9711111111112,1.819672131147541,0.0,0.0
driver_0317,11.934772218073189,10.837067582417966,52.36,1,0,0.3368185212845407,1418.6919444444445,1.8032786885245902,0.000704874658600812,0.0
driver_0318,10.063522670652716,8.963945662032078,39.37,0,1,0.33831589436970605,1415.2919444444444,2.0,0.0,0.0007065680009876251
driver_0319,12.551580817051509,9.824237548627346,39.73,0,0,0.3700414446417999,1372.8377777777778,1.9344262295081966,0.0,0.0
driver_0320,13.078342092689919,11.085959039848717,47.56,1,0,0.26755852842809363,1427.4594444444444,1.9836065573770492,0.0007005452966750953,0.0
driver_0321,15.147522875816993,10.153760646801302,42.88,0,0,0.2777777777777778,1409.55,1.8688524590163935,0.0,0.0
driver_0322,15.062929362880885,11.45578897828064,48.89,0,1,0.3545706371191136,1425.5805555555555,1.7377049180327868,0.0,0.0007014686024602063
driver_0323,12.769739869934966,10.878429692052563,55.04,1,0,0.3631815907953977,1423.9161111111111,2.098360655737705,0.000702288563347794,0.0
driver_0324,11.47010081915564,9.776946569706904,38.0,1,0,0.28418399495904223,1414.6013888888888,1.8360655737704918,0.000706912921091827,0.0
driver_0325,13.278694960212201,10.194358260046764,45.57,0,0,0.2827586206896552,1428.7169444444444,1.9836065573770492,0.0,0.0
driver_0326,10.88124876604146,9.839552793727666,45.41,0,0,0.3445212240868707,1386.5494444444444,1.9672131147540983,0.0,0.0
driver_0327,12.659299262381454,9.850418008037133,46.29,1,0,0.31875658587987354,1428.2766666666666,2.0,0.0007001444631408948,0.0
driver_0328,11.406203703703703,8.987435452773774,38.4,0,0,0.35555555555555557,1433.8216666666667,2.1311475409836067,0.0,0.0
driver_0329,12.60863276836158,9.534212539958098,41.46,1,0,0.38022598870056495,1415.421111111111,1.9836065573770492,0.0007065035219200568,0.0
driver_0330,11.957114898989898,9.682917479400496,46.36,0,0,0.32575757575757575,1434.1133333333332,1.9672131147540983,0.0,0.0
driver_0331,12.40308716187205,9.636253075037128,36.87,0,0,0.2945470158866466,1434.3619444444444,2.278688524590164,0.0,0.0
driver_0332,13.082817643186306,10.451462169912974,42.51,1,0,0.4219881500987492,1423.453611111111,1.7377049180327868,0.0007025167467308091,0.0
driver_0333,13.146130212143378,9.954936069311875,40.8,0,0,0.3840526700804682,1432.493888888889,1.7049180327868851,0.0,0.0
driver_0334,11.211116158338742,9.317998478026185,34.38,1,0,0.30694354315379624,1414.1569444444444,1.8032786885245902,0.0007071350912842653,0.0
driver_0335,13.182422104644326,10.414081813213825,42.7,0,0,0.36684303350970016,1430.388611111111,1.9508196721311475,0.0,0.0
driver_0336,13.306588648332358,12.017325023044696,61.84,1,0,0.31538911644236395,1410.9475,1.9836065573770492,0.0007087435925149589,0.0
driver_0337,13.893952095808384,10.768899073143643,53.4,1,0,0.40059880239520956,1429.0469444444445,2.1311475409836067,0.0006997670747539784,0.0
driver_0338,15.32106263982103,11.254407510202345,47.9,1,0,0.34507829977628635,1433.453611111111,1.9180327868852458,0.0006976158783574944,0.0
driver_0339,11.76912457912458,9.277014631252287,36.89,0,0,0.2222222222222222,1412.331111111111,1.9344262295081966,0.0,0.0
driver_0340,10.667680301399354,9.288919795382592,39.01,0,0,0.2933261571582347,1406.5380555555555,2.0491803278688523,0.0,0.0
driver_0341,12.48312324141812,9.416598555701515,36.74,0,0,0.21722003376477209,1425.681111111111,2.0655737704918034,0.0,0.0
driver_0342,12.487971175166297,10.483365498572047,40.15,0,0,0.3409090909090909,1431.545,2.1475409836065573,0.0,0.0
driver_0343,12.557404209390178,9.915006282182956,50.14,0,0,0.2601187263896384,1427.1308333333334,2.0,0.0,0.0
driver_0344,13.135237113402063,9.998449281283106,42.98,2,0,0.36597938144329895,1417.7369444444444,2.1311475409836067,0.0014106989366660836,0.0
driver_0345,13.810708430913348,10.783903919230301,39.92,0,0,0.45784543325526933,1430.0552777777777,1.9180327868852458,0.0,0.0
driver_0346,11.977441860465117,10.213857549146695,47.8,0,0,0.2812637121544537,1420.8705555555555,2.2131147540983607,0.0,0.0
driver_0347,12.107551799345693,10.463387447316302,45.01,2,0,0.35823336968375136,1414.5425,2.1147540983606556,0.0014138847012373258,0.0
driver_0348,13.692665441176471,9.655755786424482,38.08,0,0,0.4215686274509804,1428.8444444444444,1.8360655737704918,0.0,0.0
driver_0349,12.273253557567918,10.117608366186383,38.72,0,0,0.40685640362225095,1427.4627777777778,1.9344262295081966,0.0,0.0
driver_0350,12.618240563019835,10.361980851096074,43.58,0,0,0.29558541266794625,1423.783888888889,2.081967213114754,0.0,0.0
driver_0351,9.923156089193824,8.407598549786005,42.98,0,0,0.37964551172098343,1427.8333333333333,1.7704918032786885,0.0,0.0
driver_0352,14.210198915009043,9.484805982843417,38.26,0,0,0.35443037974683544,1425.2005555555556,1.8688524590163935,0.0,0.0
driver_0353,12.044978080857282,9.565653366573622,38.13,1,0,0.33463224549439846,1417.971388888889,2.0163934426229506,0.0007052328473168926,0.0
driver_0354,11.478298666666667,9.586324411743322,50.18,0,0,0.3061333333333333,1431.3155555555556,2.0327868852459017,0.0,0.0
driver_0355,11.814758961681086,10.31531613840542,60.07,0,0,0.33065512978986406,1432.951111111111,1.9672131147540983,0.0,0.0
driver_0356,12.204324817518248,10.366824419251577,50.76,0,0,0.22871046228710462,1413.7322222222222,1.819672131147541,0.0,0.0
driver_0357,12.408210140500918,10.93528279533753,48.08,1,0,0.26450824679291385,1405.4708333333333,1.8032786885245902,0.0007115053377723361,0.0
driver_0358,12.536470211402946,9.985458717647196,42.2,0,0,0.3203074951953876,1414.7416666666666,1.8032786885245902,0.0,0.0
driver_0359,14.857158671586715,11.256087466589184,55.9,0,1,0.3763837638376384,1427.8591666666666,2.0,0.0,0.0007003491824298731
driver_0360,11.952021857923498,10.14618744080723,38.17,0,1,0.2371584699453552,1406.9725,1.901639344262295,0.0,0.0007107459456385963
driver_0361,13.030128015755785,10.302510908418714,39.6,0,0,0.40029542097488924,1421.6277777777777,1.9836065573770492,0.0,0.0
driver_0362,12.409180868609125,10.277150493495183,43.99,1,0,0.37053326003298515,1403.0741666666668,2.0491803278688523,0.0007127206984187697,0.0
driver_0363,11.691930360415393,9.448650622928627,41.76,0,0,0.2626756261453879,1412.841111111111,1.8688524590163935,0.0,0.0
driver_0364,14.129826689774696,10.008745775224174,39.13,0,0,0.37435008665511266,1422.3355555555556,1.8852459016393444,0.0,0.0
driver_0365,11.443427201917316,9.359084078797867,37.17,1,0,0.3529059316956261,1429.9347222222223,1.9508196721311475,0.0006993326229926968,0.0
driver_0366,11.06345498783455,9.605449881333273,46.74,1,0,0.2639902676399027,1423.5525,1.7704918032786885,0.0007024679455095615,0.0
driver_0367,14.741136978884679,11.58094740519617,57.95,0,2,0.3752030319436925,1433.131111111111,2.0327868852459017,0.0,0.0013955457281569958
driver_0368,14.938724256292906,11.073012119493486,44.47,1,0,0.32265446224256294,1418.4647222222222,1.8852459016393444,0.0007049875716566013,0.0
driver_0369,14.031660539215686,10.514419213822922,39.82,0,0,0.23774509803921567,1376.2755555555555,1.9344262295081966,0.0,0.0
driver_0370,14.30684375,11.118114422096358,51.32,0,0,0.33697916666666666,1420.69,2.1475409836065573,0.0,0.0
driver_0371,12.881602339181287,9.565209585351349,45.07,0,0,0.32923976608187133,1411.0005555555556,1.8852459016393444,0.0,0.0
driver_0372,13.232640569395018,10.053756583547784,42.87,1,0,0.27686832740213524,1421.1044444444444,1.721311475409836,0.0007036780469650366,0.0
driver_0373,15.541728395061728,11.694843088272561,53.31,1,0,0.3674655047204067,1401.0869444444445,1.7868852459016393,0.0007137315810165639,0.0
driver_0374,12.091160714285715,9.844145588432756,43.63,0,0,0.3557330827067669,1421.5575,2.098360655737705,0.0,0.0
driver_0375,10.031800458715596,9.032877049061034,37.19,0,0,0.31995412844036697,1408.2122222222222,1.9180327868852458,0.0,0.0
driver_0376,12.201193390452877,9.862835006938408,45.28,0,0,0.3708690330477356,1423.0591666666667,1.9836065573770492,0.0,0.0
driver_0377,11.48637395459976,10.12411927467317,47.32,2,1,0.34528076463560337,1421.77,1.8852459016393444,0.001406697285777587,0.0007033486428887935
driver_0378,13.205080693365211,9.990912551958251,39.26,2,0,0.4082486551105798,1424.2427777777777,1.7868852459016393,0.0014042549705750073,0.0
driver_0379,14.053728409767718,9.570324423498409,39.49,2,0,0.433591423466349,1422.966111111111,2.098360655737705,0.0014055148498500199,0.0
driver_0380,11.675512282804075,10.16296229305917,38.81,1,0,0.3121629718394248,1434.4425,2.0163934426229506,0.000697134949640714,0.0
driver_0381,12.166614877589453,10.11679031298537,38.92,0,0,0.3629943502824859,1414.0591666666667,2.0491803278688523,0.0,0.0
driver_0382,12.393125000000001,9.888751904610663,41.67,1,0,0.3898809523809524,1415.7741666666666,1.9180327868852458,0.0007063273391648504,0.0
driver_0383,14.125877592311584,9.786873994395487,40.28,0,0,0.40819423368740515,1428.826388888889,1.9836065573770492,0.0,0.0
driver_0384,13.525020661157024,10.817529748994176,50.87,0,0,0.27582644628099173,1396.2622222222221,1.9508196721311475,0.0,0.0
driver_0385,13.816180717279925,9.358442203994176,39.2,1,0,0.2612948299953423,1421.9744444444445,2.0491803278688523,0.000703247518903684,0.0
driver_0386,15.425698677400806,11.786671536394444,52.96,1,0,0.34905117883841286,1419.1216666666667,2.1311475409836067,0.0007046612165036354,0.0
driver_0387,11.89712408759124,9.246295887138215,36.98,1,0,0.38321167883211676,1412.5452777777778,1.6229508196721312,0.0007079419086467828,0.0
driver_0388,13.226828478964402,9.82168226972191,39.0,0,0,0.2222222222222222,1419.5494444444444,2.0491803278688523,0.0,0.0
driver_0389,13.385397885364497,10.569729228750598,47.27,1,1,0.2888146911519199,1436.4847222222222,2.098360655737705,0.0006961438465234866,0.0006961438465234866
driver_0390,12.516919853326348,9.375106699287647,40.95,0,0,0.34834992142482973,1427.7452777777778,2.0491803278688523,0.0,0.0
driver_0391,12.493854479855681,10.80157135226023,54.92,0,0,0.34696331930246543,1412.6661111111111,1.8688524590163935,0.0,0.0
driver_0392,14.008179086538462,10.812814883930553,51.21,1,0,0.3004807692307692,1430.7433333333333,1.8688524590163935,0.0006989373821999287,0.0
driver_0393,14.098316993464051,11.8843659969557,60.2,1,0,0.37636165577342046,1419.6133333333332,1.9344262295081966,0.0007044171652374826,0.0
driver_0394,12.06900228050171,9.22704703615466,43.04,1,0,0.32839224629418473,1414.5875,1.8688524590163935,0.000706919861797167,0.0
driver_0395,11.778053385416667,9.655772372887528,43.93,2,0,0.2936197916666667,1423.3036111111112,1.8524590163934427,0.0014051815679991756,0.0
driver_0396,14.77520143884892,11.03571169144912,41.38,0,0,0.4489208633093525,1408.641388888889,1.8032786885245902,0.0,0.0
driver_0397,11.960973696354408,10.09908342763121,45.21,0,0,0.2999538532533456,1416.21,2.2131147540983607,0.0,0.0
driver_0398,11.67572339069471,10.077342874775347,42.81,0,0,0.25812619502868067,1414.5097222222223,1.8852459016393444,0.0,0.0
driver_0399,10.186919896640827,9.293333964464495,45.6,0,0,0.25167958656330747,1435.9166666666667,2.278688524590164,0.0,0.0
driver_0400,13.680699300699303,9.867925211712434,42.02,1,0,0.34011443102352196,1425.5466666666666,1.9344262295081966,0.0007014852781622957,0.0
driver_0401,11.65006863780359,9.71375266056847,46.43,1,1,0.2697993664202746,1424.6155555555556,2.1311475409836067,0.0007019437602659275,0.0007019437602659275
driver_0402,14.110990041007614,10.745920265868026,55.1,2,0,0.27650849443468073,1402.7352777777778,2.0655737704918034,0.0014257857713312898,0.0
driver_0403,13.12984232868405,11.370947836839909,59.42,0,0,0.39781685870224376,1431.0622222222223,1.9672131147540983,0.0,0.0
driver_0404,13.601382153249272,10.553609626929733,43.17,2,0,0.3486905916585839,1419.5019444444445,2.0655737704918034,0.0014089448822718923,0.0
driver_0405,12.96981212121212,9.647038263947906,40.94,0,0,0.2878787878787879,1430.953888888889,1.8360655737704918,0.0,0.0
driver_0406,13.208323993886907,10.632331464357241,43.57,0,0,0.33774834437086093,1424.3825,1.9836065573770492,0.0,0.0
driver_0407,12.215756345177665,9.532795450048004,40.87,0,0,0.3715736040609137,1431.9397222222221,2.180327868852459,0.0,0.0
driver_0408,11.70980568720379,10.804025447500475,51.03,0,0,0.2772511848341232,1430.7697222222223,2.1639344262295084,0.0,0.0
driver_0409,13.087973231357553,10.7976190763113,53.6,0,0,0.32887189292543023,1420.8483333333334,1.9672131147540983,0.0,0.0
driver_0410,12.695020313406848,10.175882343074631,41.48,0,0,0.3824724318049913,1429.05,1.9344262295081966,0.0,0.0
driver_0411,12.672411385606873,10.517910577644818,42.88,0,0,0.28088077336197637,1428.1833333333334,1.9180327868852458,0.0,0.0
driver_0412,12.306345556246116,9.717110675018901,40.13,1,0,0.36793039154754503,1433.691111111111,1.8524590163934427,0.0006975003138751413,0.0
driver_0413,13.275514669318747,9.530288968966195,47.73,1,0,0.269020387866733,1403.8902777777778,2.0163934426229506,0.0007123063788025536,0.0
driver_0414,13.599841954022988,11.163884469035851,56.61,1,0,0.2974137931034483,1392.975,1.8360655737704918,0.0007178879735817226,0.0
driver_0415,13.191135629709365,11.172746307203878,61.0,0,0,0.36167922497308935,1403.8638888888888,2.1475409836065573,0.0,0.0
driver_0416,12.855927536231885,10.352282684306882,45.77,0,0,0.30434782608695654,1423.3033333333333,2.1147540983606556,0.0,0.0
driver_0417,11.70931755641167,10.321374094102106,48.65,0,0,0.26802421574023116,1418.6930555555555,2.098360655737705,0.0,0.0
driver_0418,13.18438596491228,11.535922364119285,54.52,1,0,0.2884990253411306,1416.0525,2.098360655737705,0.0007061885064289636,0.0
driver_0419,13.58000512295082,10.244838424864898,38.94,1,0,0.3094262295081967,1414.1130555555555,1.8688524590163935,0.0007071570381670333,0.0
driver_0420,13.150654942389327,9.654183995770342,48.48,0,0,0.38326258338386904,1422.8441666666668,1.819672131147541,0.0,0.0
driver_0421,13.653130493576741,10.122622576452924,39.87,0,0,0.299526707234618,1411.8986111111112,1.819672131147541,0.0,0.0
driver_0422,13.5705977945444,10.120726347011788,45.1,1,0,0.3441671503192107,1386.411388888889,1.9836065573770492,0.0007212866310925428,0.0
driver_0423,13.686533957845434,10.144053644601781,42.38,2,0,0.3044496487119438,1431.1077777777778,2.1475409836065573,0.0013975187830406438,0.0
driver_0424,12.947325516471246,10.6874595726433,41.02,0,0,0.288107202680067,1416.9941666666666,2.19672131147541,0.0,0.0
driver_0425,14.147539432176655,11.052069850584003,40.75,0,0,0.35583596214511043,1417.3644444444444,1.8852459016393444,0.0,0.0
driver_0426,12.771544072948327,10.399226180681312,47.6,0,0,0.3161094224924012,1423.2683333333334,2.0655737704918034,0.0,0.0
driver_0427,11.37444179389313,8.77606527397276,40.53,0,0,0.3220419847328244,1409.3483333333334,2.2295081967213113,0.0,0.0
driver_0428,13.562666352052856,10.442425401679733,43.29,1,1,0.3378952336007551,1435.2641666666666,2.0327868852459017,0.000696735850601254,0.000696735850601254
driver_0429,13.574726708074534,11.276691816663241,41.46,1,0,0.2714285714285714,1405.516388888889,1.7868852459016393,0.0007114822764824079,0.0
driver_0430,14.845778594395957,12.325233287847094,58.92,1,0,0.3408360128617363,1394.2852777777778,1.9672131147540983,0.0007172133392915167,0.0
driver_0431,11.405680081507896,9.508930165293338,45.47,1,0,0.35201222618441164,1405.1686111111112,2.0491803278688523,0.0007116583676098973,0.0
driver_0432,12.569562123700054,10.010260367395816,45.3,1,0,0.42036124794745483,1432.3327777777777,2.0,0.0006981617788231243,0.0
driver_0433,12.71395909805978,9.637078665718107,49.09,1,0,0.28054535920293655,1433.1166666666666,2.1147540983606556,0.0006977798969611686,0.0
driver_0434,12.925092391304347,10.222881493363225,44.73,1,0,0.3114130434782609,1416.2405555555556,2.0655737704918034,0.0007060947351615172,0.0
driver_0435,12.88445197740113,10.267195685587078,50.67,3,0,0.33728813559322035,1416.1980555555556,1.9344262295081966,0.0021183477750385273,0.0
driver_0436,14.453666158536585,10.120647490078984,41.54,0,0,0.31097560975609756,1436.8022222222223,1.6885245901639345,0.0,0.0
driver_0437,13.789499683343887,11.109310551435305,56.56,0,0,0.25902469917669413,1425.5325,1.721311475409836,0.0,0.0
driver_0438,13.626491985203451,10.193132751947516,57.6,0,1,0.34586929716399506,1429.2366666666667,1.901639344262295,0.0,0.000699674185054493
driver_0439,13.702350427350426,10.813008059531917,48.56,1,0,0.24002849002849003,1438.8141666666668,1.8688524590163935,0.0006950167875513226,0.0
driver_0440,11.73546186895811,9.241748113642764,38.76,0,0,0.3356605800214823,1410.2555555555555,2.1639344262295084,0.0,0.0
driver_0441,11.757394331178517,9.888495374388425,39.3,1,0,0.2864246643460965,1430.6763888888888,2.098360655737705,0.0006989700869926522,0.0
driver_0442,13.903352570828961,10.35603492959685,46.13,0,0,0.3247639034627492,1419.788611111111,1.9672131147540983,0.0,0.0
driver_0443,13.280306807286674,11.608156447810964,50.24,0,0,0.350431447746884,1433.9588888888889,2.278688524590164,0.0,0.0
driver_0444,11.251062992125984,9.355526790984499,41.78,0,0,0.26827896512935884,1437.0569444444445,1.9672131147540983,0.0,0.0
driver_0445,13.374702114029468,10.008076600172735,39.88,0,0,0.3555413196668802,1423.7505555555556,1.7377049180327868,0.0,0.0
driver_0446,11.75622591006424,10.228497230448202,46.28,0,0,0.341541755888651,1422.4061111111112,1.9344262295081966,0.0,0.0
driver_0447,11.671070625281152,9.809437355398277,45.1,0,0,0.3535762483130904,1416.215,2.081967213114754,0.0,0.0
driver_0448,12.688997240110396,10.791625275016925,43.96,1,0,0.37580496780128797,1413.7163888888888,2.262295081967213,0.0007073554553512325,0.0
driver_0449,13.012809168443496,10.12342507772759,41.11,0,0,0.3400852878464819,1429.0094444444444,2.0327868852459017,0.0,0.0
driver_0450,13.746330619912335,10.094960978318833,43.4,0,0,0.3030682529743269,1423.8819444444443,1.9836065573770492,0.0,0.0
driver_0451,13.53040999057493,10.603507847055548,48.28,1,0,0.3774740810556079,1436.0802777777778,2.2131147540983607,0.0006963399020752669,0.0
driver_0452,13.890606299212598,12.288958373208962,60.74,1,0,0.35748031496062993,1418.1963888888888,1.819672131147541,0.0007051209605627806,0.0
driver_0453,12.14200226244344,10.326074772657867,44.07,0,0,0.3382352941176471,1423.1616666666666,2.0491803278688523,0.0,0.0
driver_0454,13.665742039935239,9.597711179429428,39.19,1,0,0.34430652995143013,1415.0658333333333,1.9508196721311475,0.0007066809023608443,0.0
driver_0455,13.284561068702292,10.114258170051327,47.12,0,0,0.405852417302799,1405.6261111111112,1.9672131147540983,0.0,0.0
driver_0456,12.250773666506488,10.398304263898702,52.97,0,0,0.36905333974050936,1417.5980555555554,2.180327868852459,0.0,0.0
driver_0457,12.77011875,10.738397065233015,46.48,1,0,0.37375,1414.6780555555556,1.9344262295081966,0.0007068746108508002,0.0
driver_0458,12.841781504986402,10.897550023163022,43.78,2,0,0.24342701722574797,1427.5775,2.1147540983606556,0.0014009747281671222,0.0
driver_0459,11.641153635866592,9.691895852825024,41.96,0,0,0.32640787315472936,1425.7655555555555,2.0655737704918034,0.0,0.0
driver_0460,12.353636950904393,10.678057572682004,42.52,0,0,0.2467700258397933,1428.2952777777778,1.9508196721311475,0.0,0.0
driver_0461,12.765775016350556,10.62026467643423,40.85,1,0,0.2727272727272727,1428.6461111111112,1.7049180327868851,0.0006999634074685317,0.0
driver_0462,11.567841792409693,9.693384280873158,45.12,1,0,0.262002743484225,1419.2183333333332,2.0,0.0007046132201881083,0.0
driver_0463,12.520486425339367,10.745070466117491,49.66,2,0,0.27262443438914025,1412.286388888889,1.9508196721311475,0.0014161433656338588,0.0
driver_0464,12.572355072463768,9.761470112416795,46.44,1,0,0.3532608695652174,1425.308611111111,2.1639344262295084,0.0007016024404851113,0.0
driver_0465,11.860058616647127,9.524120100648492,47.77,0,0,0.268464243845252,1419.1019444444444,2.098360655737705,0.0,0.0
driver_0466,12.791814814814813,10.762796386820341,45.67,1,0,0.2873015873015873,1426.6697222222222,2.1639344262295084,0.0007009330782196533,0.0
driver_0467,11.595329448677724,9.339859298660189,36.87,0,0,0.33168982519049756,1413.921111111111,2.2459016393442623,0.0,0.0
driver_0468,14.778481994459833,10.456322916592956,42.19,1,0,0.39058171745152354,1429.535,1.9672131147540983,0.000699528168250515,0.0
driver_0469,10.927020148462354,8.670032581364845,42.33,0,0,0.3430540827147402,1422.9461111111111,2.0163934426229506,0.0,0.0
driver_0470,12.275764272559853,10.115193809651215,42.6,0,0,0.3456108041743401,1422.641111111111,1.9508196721311475,0.0,0.0
driver_0471,12.688266897746967,11.365318897506533,57.94,1,0,0.34950895436164064,1431.7191666666668,1.8360655737704918,0.000698460999392921,0.0
driver_0472,13.125600214362272,10.90332662367802,46.31,1,0,0.27813504823151125,1410.4741666666666,1.9672131147540983,0.0007089814359119186,0.0
driver_0473,13.912449438202247,11.659019709910993,52.9,1,0,0.3842696629213483,1439.1,1.901639344262295,0.0006948787436592315,0.0
driver_0474,12.262481796116505,10.446269788256616,55.63,0,1,0.3088592233009709,1428.03,1.901639344262295,0.0,0.0007002654005868224
driver_0475,11.883694933920705,10.490406072363534,55.77,1,0,0.375,1421.8994444444445,1.8688524590163935,0.0007032846126406032,0.0
driver_0476,13.795111111111112,10.803743758012109,51.52,0,0,0.3767441860465116,1412.6680555555556,2.098360655737705,0.0,0.0
driver_0477,13.493071965628356,11.238266172328606,45.69,0,0,0.2771213748657358,1432.5777777777778,1.901639344262295,0.0,0.0
driver_0478,11.744830409356725,9.82319814653599,38.54,0,1,0.38421052631578945,1425.2163888888888,1.9836065573770492,0.0,0.0007016478394411453
driver_0479,11.80191004997224,10.931550587111197,55.39,1,0,0.416435313714603,1424.3519444444444,1.8360655737704918,0.0007020736721007819,0.0
driver_0480,12.809254843517138,10.509009125712415,44.2,2,0,0.42225534028812717,1426.2033333333334,2.1475409836065573,0.0014023245867232582,0.0
driver_0481,10.898261515601783,10.534483697740411,52.68,0,0,0.2669638434868747,1426.8861111111112,2.0655737704918034,0.0,0.0
driver_0482,12.6719873046875,10.34552301312412,50.97,1,0,0.48583984375,1395.1563888888888,2.081967213114754,0.000716765523896863,0.0
driver_0483,12.987496389022628,10.601972950074673,44.5,0,0,0.2850264805007222,1408.2611111111112,2.1475409836065573,0.0,0.0
driver_0484,13.952344437460717,10.929961710395972,42.98,0,0,0.2677561282212445,1415.3113888888888,2.0,0.0,0.0
driver_0485,11.757849810913019,9.402466497629897,42.22,0,0,0.2955159373311723,1427.6966666666667,2.0163934426229506,0.0,0.0
driver_0486,11.958639784946236,10.052760853847346,49.21,0,0,0.4629032258064516,1392.5183333333334,2.0163934426229506,0.0,0.0
driver_0487,10.784503311258279,9.136909431564698,40.23,1,0,0.35048395313295977,1418.2397222222223,2.1639344262295084,0.000705099416079753,0.0
driver_0488,13.696260317460318,10.119479663576769,43.74,0,0,0.38857142857142857,1427.8644444444444,2.0163934426229506,0.0,0.0
driver_0489,14.35627687467226,10.684354704380057,52.58,0,0,0.1761929732564237,1417.3319444444444,2.0327868852459017,0.0,0.0
driver_0490,11.534763447828905,9.504030365234874,38.77,0,0,0.31821127673363575,1434.3625,1.819672131147541,0.0,0.0
driver_0491,13.667083112758073,12.792855763875139,74.9,0,0,0.24986765484383272,1428.0522222222223,2.1147540983606556,0.0,0.0
driver_0492,12.55147806004619,9.875226941640097,39.5,2,0,0.3810623556581986,1425.7841666666666,2.0655737704918034,0.001402736856501773,0.0
driver_0493,10.226186020913593,9.365796794589125,42.16,0,0,0.3522289488167309,1430.2408333333333,2.0327868852459017,0.0,0.0
driver_0494,15.892786783042393,12.671339498771447,57.36,2,0,0.35224438902743144,1405.5052777777778,1.8852459016393444,0.0014229758020988497,0.0
driver_0495,12.666732142857143,9.889030469205968,44.46,1,0,0.325,1417.5572222222222,1.901639344262295,0.000705438894686987,0.0
driver_0496,12.996846153846153,11.267904544298222,48.71,1,0,0.4076923076923077,1419.1052777777777,2.098360655737705,0.0007046693544582766,0.0
driver_0497,11.891008206330598,10.538102570503037,49.97,0,0,0.4144196951934349,1396.4552777777778,1.721311475409836,0.0,0.0
driver_0498,12.688770287141073,10.72905385160182,57.36,1,0,0.26092384519350814,1365.6291666666666,1.7704918032786885,0.0007322632120115575,0.0
driver_0499,13.232193614830072,10.173222051616165,45.79,1,1,0.31307929969104015,1430.4205555555557,2.0655737704918034,0.0006990950990714851,0.0006990950990714851
